{
    "materials":[{
        "colorDiffuse":[0.13011,0.13011,0.13011],
        "wireframe":false,
        "DbgName":"Roues",
        "specularCoef":50,
        "colorEmissive":[0,0,0],
        "transparent":false,
        "blending":"NormalBlending",
        "depthTest":true,
        "colorSpecular":[0.0281002,0.0281002,0.0281002],
        "doubleSided":false,
        "visible":true,
        "DbgColor":15658734,
        "shading":"phong",
        "DbgIndex":0,
        "opacity":1,
        "depthWrite":true
    }],
    "metadata":{
        "materials":1,
        "version":3,
        "faces":144,
        "normals":66,
        "type":"Geometry",
        "generator":"io_three",
        "vertices":102,
        "uvs":0
    },
    "vertices":[0.0356636,-0.572902,-4.11678,-0.0356642,-0.572902,-4.11678,0.0356636,-0.672272,-4.10248,-0.0356642,-0.672272,-4.10248,0.0356636,-0.769551,-4.12729,-0.0356642,-0.769551,-4.12729,0.0356636,-0.849928,-4.18745,-0.0356642,-0.849928,-4.18745,0.0356636,-0.901167,-4.27378,-0.0356643,-0.901167,-4.27378,0.0356636,-0.915467,-4.37315,-0.0356643,-0.915467,-4.37315,0.0356636,-0.890651,-4.47043,-0.0356643,-0.890651,-4.47043,0.0356636,-0.830498,-4.55081,-0.0356643,-0.830498,-4.55081,0.0356636,-0.744164,-4.60204,-0.0356643,-0.744164,-4.60204,0.0356636,-0.644794,-4.61634,-0.0356643,-0.644794,-4.61634,0.0356636,-0.547515,-4.59153,-0.0356643,-0.547515,-4.59153,0.0356636,-0.467138,-4.53138,-0.0356643,-0.467138,-4.53138,0.0356636,-0.415899,-4.44504,-0.0356643,-0.415899,-4.44504,0.0356636,-0.401599,-4.34567,-0.0356643,-0.401599,-4.34567,0.0356636,-0.426414,-4.24839,-0.0356642,-0.426414,-4.24839,0.0356636,-0.486568,-4.16802,-0.0356642,-0.486568,-4.16802,2.02956,-2.45058,0.570337,1.86988,-2.45058,0.570337,1.86988,-2.41451,0.751644,2.02956,-2.41451,0.751645,1.86988,-2.31181,0.905349,2.02956,-2.31181,0.905349,1.86988,-2.1581,1.00805,2.02956,-2.1581,1.00805,1.86988,-1.9768,1.04412,2.02956,-1.9768,1.04412,1.86988,-1.79549,1.00805,2.02956,-1.79549,1.00805,1.86988,-1.64178,0.90535,2.02956,-1.64178,0.90535,1.86988,-1.53908,0.751645,2.02956,-1.53908,0.751645,1.86988,-1.50302,0.570337,2.02956,-1.50302,0.570337,1.86988,-1.53908,0.38903,2.02956,-1.53908,0.38903,1.86988,-1.64178,0.235325,2.02956,-1.64178,0.235325,1.86988,-1.79549,0.132622,2.02956,-1.79549,0.132622,1.86988,-1.9768,0.0965577,2.02956,-1.9768,0.0965577,1.86988,-2.1581,0.132622,2.02956,-2.1581,0.132622,1.86988,-2.31181,0.235325,2.02956,-2.31181,0.235325,1.86988,-2.41451,0.38903,2.02956,-2.41451,0.38903,-2.02956,-2.45058,0.570337,-1.86988,-2.45058,0.570337,-1.86988,-2.41451,0.751645,-2.02956,-2.41451,0.751645,-1.86988,-2.31181,0.90535,-2.02956,-2.31181,0.90535,-1.86988,-2.1581,1.00805,-2.02956,-2.1581,1.00805,-1.86988,-1.9768,1.04412,-2.02956,-1.9768,1.04412,-1.86988,-1.79549,1.00805,-2.02956,-1.79549,1.00805,-1.86988,-1.64178,0.90535,-2.02956,-1.64178,0.90535,-1.86988,-1.53908,0.751645,-2.02956,-1.53908,0.751645,-1.86988,-1.50302,0.570337,-2.02956,-1.50302,0.570338,-1.86988,-1.53908,0.38903,-2.02956,-1.53908,0.38903,-1.86988,-1.64178,0.235325,-2.02956,-1.64178,0.235325,-1.86988,-1.79549,0.132622,-2.02956,-1.79549,0.132623,-1.86988,-1.9768,0.096558,-2.02956,-1.9768,0.0965581,-1.86988,-2.1581,0.132622,-2.02956,-2.1581,0.132622,-1.86988,-2.31181,0.235325,-2.02956,-2.31181,0.235325,-1.86988,-2.41451,0.38903,-2.02956,-2.41451,0.38903,-0.0356643,-0.658533,-4.35941,0.0356636,-0.658533,-4.35941,2.02956,-1.9768,0.570337,1.86988,-1.9768,0.570337,-2.02956,-1.9768,0.570338,-1.86988,-1.9768,0.570338],
    "faces":[35,0,1,3,2,0,0,1,2,3,35,2,3,5,4,0,3,2,4,5,35,4,5,7,6,0,5,4,6,7,35,6,7,9,8,0,7,6,8,9,35,8,9,11,10,0,9,8,10,11,35,10,11,13,12,0,11,10,12,13,35,12,13,15,14,0,13,12,14,15,35,14,15,17,16,0,15,14,16,17,35,16,17,19,18,0,17,16,18,19,35,18,19,21,20,0,19,18,20,21,35,20,21,23,22,0,21,20,22,23,35,22,23,25,24,0,23,22,24,25,35,24,25,27,26,0,25,24,26,27,35,26,27,29,28,0,27,26,28,29,34,0,2,97,0,0,3,30,35,28,29,31,30,0,29,28,31,32,35,1,0,30,31,0,1,0,32,31,34,33,34,99,0,33,34,35,35,58,59,61,60,0,36,37,38,39,35,56,57,59,58,0,40,41,37,36,35,54,55,57,56,0,42,43,41,40,35,52,53,55,54,0,44,45,43,42,35,50,51,53,52,0,46,47,45,44,35,48,49,51,50,0,48,49,47,46,35,46,47,49,48,0,50,51,49,48,35,44,45,47,46,0,52,53,51,50,35,42,43,45,44,0,54,55,53,52,35,40,41,43,42,0,56,57,55,54,35,38,39,41,40,0,58,59,57,56,34,67,69,100,0,34,60,35,35,36,37,39,38,0,60,61,59,58,35,62,63,32,33,0,62,63,64,33,35,34,35,37,36,0,34,65,61,60,35,33,32,35,34,0,33,64,65,34,35,60,61,63,62,0,39,38,63,62,34,65,94,101,0,64,63,30,35,90,92,93,91,0,37,38,39,36,35,88,90,91,89,0,41,37,36,40,35,86,88,89,87,0,43,41,40,42,35,84,86,87,85,0,45,43,42,44,35,82,84,85,83,0,47,45,44,46,35,80,82,83,81,0,49,47,46,48,35,78,80,81,79,0,51,49,48,50,35,76,78,79,77,0,53,51,50,52,35,74,76,77,75,0,55,53,52,54,35,72,74,75,73,0,57,55,54,56,35,70,72,73,71,0,59,57,56,58,35,68,70,71,69,0,61,59,58,60,35,94,65,64,95,0,63,64,33,62,35,66,68,69,67,0,65,61,60,34,35,65,66,67,64,0,64,65,34,33,35,92,94,95,93,0,38,63,62,39,34,3,1,96,0,2,1,35,34,1,31,96,0,1,31,35,34,31,29,96,0,31,28,35,34,29,27,96,0,28,26,35,34,27,25,96,0,26,24,35,34,25,23,96,0,24,22,35,34,23,21,96,0,22,20,35,34,21,19,96,0,20,18,35,34,19,17,96,0,18,16,35,34,17,15,96,0,16,14,35,34,15,13,96,0,14,12,35,34,13,11,96,0,12,10,35,34,11,9,96,0,10,8,35,34,9,7,96,0,8,6,35,34,7,5,96,0,6,4,35,34,5,3,96,0,4,2,35,34,2,4,97,0,3,5,30,34,4,6,97,0,5,7,30,34,6,8,97,0,7,9,30,34,8,10,97,0,9,11,30,34,10,12,97,0,11,13,30,34,12,14,97,0,13,15,30,34,14,16,97,0,15,17,30,34,16,18,97,0,17,19,30,34,18,20,97,0,19,21,30,34,20,22,97,0,21,23,30,34,22,24,97,0,23,25,30,34,24,26,97,0,25,27,30,34,26,28,97,0,27,29,30,34,28,30,97,0,29,32,30,34,30,0,97,0,32,0,30,34,35,32,98,0,65,64,30,34,32,63,98,0,64,63,30,34,63,61,98,0,63,38,30,34,61,59,98,0,38,37,30,34,59,57,98,0,37,41,30,34,57,55,98,0,41,43,30,34,55,53,98,0,43,45,30,34,53,51,98,0,45,47,30,34,51,49,98,0,47,49,30,34,49,47,98,0,49,51,30,34,47,45,98,0,51,53,30,34,45,43,98,0,53,55,30,34,43,41,98,0,55,57,30,34,41,39,98,0,57,59,30,34,39,37,98,0,59,61,30,34,37,35,98,0,61,65,30,34,34,36,99,0,34,60,35,34,36,38,99,0,60,58,35,34,38,40,99,0,58,56,35,34,40,42,99,0,56,54,35,34,42,44,99,0,54,52,35,34,44,46,99,0,52,50,35,34,46,48,99,0,50,48,35,34,48,50,99,0,48,46,35,34,50,52,99,0,46,44,35,34,52,54,99,0,44,42,35,34,54,56,99,0,42,40,35,34,56,58,99,0,40,36,35,34,58,60,99,0,36,39,35,34,60,62,99,0,39,62,35,34,62,33,99,0,62,33,35,34,69,71,100,0,60,58,35,34,71,73,100,0,58,56,35,34,73,75,100,0,56,54,35,34,75,77,100,0,54,52,35,34,77,79,100,0,52,50,35,34,79,81,100,0,50,48,35,34,81,83,100,0,48,46,35,34,83,85,100,0,46,44,35,34,85,87,100,0,44,42,35,34,87,89,100,0,42,40,35,34,89,91,100,0,40,36,35,34,91,93,100,0,36,39,35,34,93,95,100,0,39,62,35,34,95,64,100,0,62,33,35,34,64,67,100,0,33,34,35,34,94,92,101,0,63,38,30,34,92,90,101,0,38,37,30,34,90,88,101,0,37,41,30,34,88,86,101,0,41,43,30,34,86,84,101,0,43,45,30,34,84,82,101,0,45,47,30,34,82,80,101,0,47,49,30,34,80,78,101,0,49,51,30,34,78,76,101,0,51,53,30,34,76,74,101,0,53,55,30,34,74,72,101,0,55,57,30,34,72,70,101,0,57,59,30,34,70,68,101,0,59,61,30,34,68,66,101,0,61,65,30,34,66,65,101,0,65,64,30],
    "uvs":[],