{
    "materials":[{
        "colorDiffuse":[0.189413,0.189413,0.189413],
        "wireframe":false,
        "DbgName":"Helice",
        "specularCoef":50,
        "colorEmissive":[0,0,0],
        "transparent":false,
        "blending":"NormalBlending",
        "depthTest":true,
        "colorSpecular":[0.0318531,0.0318531,0.0318531],
        "doubleSided":false,
        "visible":true,
        "DbgColor":15658734,
        "shading":"phong",
        "DbgIndex":0,
        "opacity":1,
        "depthWrite":true
    }],
    "metadata":{
        "materials":1,
        "version":3,
        "faces":56,
        "normals":55,
        "type":"Geometry",
        "generator":"io_three",
        "vertices":55,
        "uvs":0
    },
    "vertices":[0.170165,0.140278,1.70488,0.0874049,0.0873301,1.7031,1.12051,0.261362,1.64691,1.38714,0.235672,1.68014,1.28394,0.201941,1.63497,1.15475,0.204869,1.63288,0.0963369,-0.0862299,1.70173,0.170165,-0.137319,1.70488,1.12051,-0.258403,1.64691,1.22215,-0.211132,1.63268,0.0963368,0.0891886,1.73866,0.170165,0.140278,1.73551,1.28394,0.201941,1.80542,1.12051,0.261362,1.79347,1.15475,0.204869,1.8075,0.170165,-0.137319,1.73551,0.0874144,-0.084376,1.73729,1.36896,-0.237078,1.76718,1.28394,-0.198981,1.80542,1.15475,-0.201909,1.8075,1.12051,-0.258403,1.79347,1.52894,0.128234,1.68907,1.53157,-0.121494,1.6887,1.39761,-0.230153,1.68218,1.53157,0.124453,1.75169,1.39761,0.233112,1.75821,1.52894,-0.125275,1.75132,-0.170164,0.140278,1.70488,-0.0874044,0.0873299,1.7031,-1.12051,0.261362,1.64691,-1.36896,0.240037,1.67321,-1.28393,0.20194,1.63497,-1.15475,0.204869,1.63288,-0.0963266,-0.0862214,1.70173,-0.170164,-0.137319,1.70488,-1.28393,-0.198981,1.63497,-1.12051,-0.258403,1.64691,-1.15475,-0.20191,1.63288,-0.0963267,0.0891802,1.73866,-0.170164,0.140278,1.73551,-1.28393,0.20194,1.80542,-1.12051,0.261362,1.79347,-1.15475,0.204869,1.8075,-0.170164,-0.137319,1.73551,-0.0874141,-0.084376,1.73729,-1.36896,-0.237078,1.76718,-1.28393,-0.198981,1.80542,-1.15475,-0.20191,1.8075,-1.12051,-0.258403,1.79347,-1.52894,0.128234,1.68907,-1.53157,-0.121494,1.6887,-1.38003,-0.23572,1.67552,-1.53157,0.124453,1.75169,-1.38003,0.238678,1.76487,-1.52894,-0.125275,1.75132],
    "faces":[35,0,11,13,2,0,0,1,2,3,34,9,5,4,0,4,5,6,34,24,25,12,0,7,8,9,34,22,23,9,0,10,11,4,34,53,52,40,0,12,13,14,34,49,30,31,0,15,16,17,34,51,50,35,0,18,19,20,34,54,45,46,0,21,22,23,35,24,12,18,26,0,7,9,24,25,35,6,1,5,9,0,26,27,5,4,35,22,9,4,21,0,10,4,6,28,35,10,16,19,14,0,29,30,31,32,35,24,26,22,21,0,7,25,10,28,35,15,7,8,20,0,33,34,35,36,35,4,5,2,3,0,6,5,3,37,35,13,14,12,25,0,2,32,9,8,34,9,23,8,0,4,11,35,35,20,17,18,19,0,36,38,24,31,35,1,0,2,5,0,27,0,3,5,35,6,9,8,7,0,26,4,35,34,35,15,16,6,7,0,33,30,26,34,35,8,23,17,20,0,35,11,38,36,35,20,19,16,15,0,36,31,30,33,35,19,18,12,14,0,31,24,9,32,35,10,14,13,11,0,29,32,2,1,35,0,1,10,11,0,0,27,29,1,35,13,25,3,2,0,2,8,37,3,35,23,22,26,17,0,11,10,25,38,35,25,24,21,3,0,8,7,28,37,35,1,6,16,10,0,27,26,30,29,34,21,4,3,0,28,6,37,34,26,18,17,0,25,24,38,35,29,41,39,27,0,39,40,41,42,35,46,40,52,54,0,23,14,13,21,35,32,28,33,37,0,43,44,45,46,35,31,35,50,49,0,17,20,19,15,35,47,44,38,42,0,47,48,49,50,35,50,54,52,49,0,19,21,13,15,35,48,36,34,43,0,51,52,53,54,35,31,30,29,32,0,17,16,39,43,35,36,51,35,37,0,52,18,20,46,35,41,53,40,42,0,40,12,14,50,35,46,45,48,47,0,23,22,51,47,35,29,27,28,32,0,39,42,44,43,35,35,31,32,37,0,20,17,43,46,35,33,34,36,37,0,45,53,52,46,35,33,44,43,34,0,45,48,54,53,35,45,51,36,48,0,22,18,52,51,35,44,47,48,43,0,48,47,51,54,35,40,46,47,42,0,14,23,47,50,35,38,39,41,42,0,49,41,40,50,35,38,28,27,39,0,49,44,42,41,35,30,53,41,29,0,16,12,40,39,35,54,50,51,45,0,21,19,18,22,35,49,52,53,30,0,15,13,12,16,35,44,33,28,38,0,48,45,44,49],
    "uvs":[],
    "normals":[-0.292856,0.76574,-0.572588,-0.288339,0.75631,0.587207,-0.0213324,0.804193,0.593951,-0.0220649,0.802942,-0.595599,0.101352,-0.28016,-0.954558,0.0104678,0.201117,-0.979492,0.131321,0.245094,-0.96054,0.77398,0.333384,0.538316,0.389874,0.783441,0.483902,0.13187,0.253853,0.95819,0.770745,-0.345744,-0.535112,0.398663,-0.769036,-0.499588,-0.369335,0.780786,0.503922,-0.771783,0.345622,0.533708,-0.125156,0.228187,0.965514,-0.752922,0.371624,-0.543107,-0.340403,0.785974,-0.516037,-0.124851,0.222938,-0.966796,-0.369335,-0.780786,-0.503922,-0.771783,-0.345622,-0.533708,-0.125156,-0.228187,-0.965514,-0.752922,-0.371624,0.543107,-0.340403,-0.785974,0.516037,-0.124851,-0.222938,0.966796,0.124851,-0.222938,0.966796,0.748924,-0.361888,0.555071,-0.685232,-0.40614,-0.604511,-0.729637,0.343608,-0.591205,0.754692,0.354869,-0.551775,-0.685903,0.407239,0.603046,-0.729179,-0.346355,0.590167,0.00613422,-0.18656,0.982421,0.0136723,0.207465,0.978118,-0.292856,-0.76574,0.572588,-0.289163,-0.74633,-0.599445,-0.041139,-0.775903,-0.629475,-0.0266427,-0.800226,0.599078,0.358013,0.792993,-0.492904,0.325297,-0.790887,0.518296,0.0290231,0.797815,-0.602191,0.0282601,0.800043,0.599231,0.288339,0.756279,0.587237,0.292856,0.76574,-0.572588,-0.00613422,0.18656,-0.982421,0.72924,0.346385,-0.590075,0.685995,-0.407147,-0.602985,-0.00756859,-0.191504,-0.981445,-0.00613422,-0.18656,0.982421,0.729148,-0.346416,0.590167,0.685934,0.407178,0.603046,-0.00756859,0.191504,0.981445,0.0290231,-0.797815,0.602161,0.0282601,-0.800043,-0.599231,0.288339,-0.756279,-0.587237,0.292856,-0.76574,0.572558]
}