{
    "materials":[{
        "colorDiffuse":[0.32157,0.32157,0.32157],
        "wireframe":false,
        "DbgName":"Structure",
        "colorEmissive":[0,0,0],
        "transparent":false,
        "blending":"NormalBlending",
        "depthTest":true,
        "doubleSided":false,
        "visible":true,
        "DbgColor":15658734,
        "shading":"lambert",
        "DbgIndex":0,
        "opacity":1,
        "depthWrite":true
    }],
    "metadata":{
        "materials":1,
        "version":3,
        "faces":76,
        "normals":68,
        "type":"Geometry",
        "generator":"io_three",
        "vertices":68,
        "uvs":0
    },
    "vertices":[-3.50278,-1.05214,-0.981991,-3.46255,-1.05216,-1.02253,-3.75301,1.96799,-1.27156,-3.36264,-1.04213,-1.0082,-3.61287,1.9824,-1.24748,-3.6531,1.97537,-1.2874,-3.48421,-1.04128,-0.876425,-3.75881,1.97812,-1.14994,-3.34756,-1.03207,-0.908414,-3.38779,-1.03206,-0.867876,-3.6531,1.98895,-1.13218,-3.61287,1.98894,-1.17272,-3.50278,-1.0456,0.918245,-3.46255,-1.03858,0.878321,-3.72786,1.98244,1.14262,-3.76809,1.97541,1.18255,-3.38779,-1.03206,0.878891,-3.34756,-1.03207,0.919429,-3.61287,1.98894,1.18373,-3.6531,1.98895,1.1432,-3.48421,-1.05323,1.02409,-3.75881,1.96778,1.27904,-3.34756,-1.03862,0.994189,-3.38779,-1.04564,1.03411,-3.6531,1.97537,1.29842,-3.61287,1.9824,1.25849,-0.538432,0.825697,0.336247,-1.14229,1.95135,0.447575,-0.510112,0.837819,0.367288,-0.56463,0.808619,0.366818,-1.16816,1.93461,0.47641,-1.14017,1.94639,0.509188,-0.536349,0.820833,0.396728,-1.11442,1.9634,0.476873,3.50278,-1.05214,-0.981992,3.46255,-1.05216,-1.02253,3.75301,1.96799,-1.27156,3.36264,-1.04213,-1.0082,3.61287,1.9824,-1.24748,3.6531,1.97537,-1.2874,3.48421,-1.04128,-0.876426,3.75881,1.97812,-1.14994,3.34756,-1.03207,-0.908415,3.38779,-1.03206,-0.867877,3.6531,1.98895,-1.13218,3.61287,1.98894,-1.17272,3.50278,-1.0456,0.918245,3.46255,-1.03858,0.87832,3.72786,1.98244,1.14262,3.76809,1.97541,1.18255,3.38779,-1.03206,0.87889,3.34756,-1.03207,0.919428,3.61287,1.98894,1.18373,3.6531,1.98895,1.14319,3.48421,-1.05323,1.02409,3.75881,1.96778,1.27904,3.34756,-1.03862,0.994189,3.38779,-1.04564,1.03411,3.6531,1.97537,1.29842,3.61287,1.9824,1.25849,0.538432,0.825697,0.336247,1.14229,1.95135,0.447575,0.510112,0.837819,0.367288,0.56463,0.808619,0.366818,1.16816,1.93461,0.47641,1.14017,1.94639,0.509187,0.536349,0.820833,0.396728,1.11442,1.9634,0.476873],
    "faces":[35,16,13,14,19,0,0,1,2,3,34,2,1,0,0,4,5,6,34,3,5,4,0,7,8,9,34,48,53,52,0,10,11,12,34,52,59,58,0,12,13,14,34,58,55,49,0,14,15,16,34,49,48,52,0,16,10,12,34,52,58,49,0,12,14,16,34,35,36,34,0,17,18,19,35,0,6,7,2,0,6,20,21,4,34,35,34,40,0,17,19,22,34,40,43,42,0,22,23,24,34,42,37,35,0,24,25,17,34,40,42,35,0,22,24,17,35,6,9,10,7,0,20,26,27,21,34,22,23,20,0,28,29,30,34,20,12,13,0,30,31,1,34,13,16,17,0,1,0,32,34,17,22,20,0,32,28,30,34,20,13,17,0,30,1,32,35,3,1,2,5,0,7,5,4,8,34,10,11,4,0,27,33,9,34,4,5,2,0,9,8,4,34,2,7,10,0,4,21,27,34,4,2,10,0,9,4,27,35,8,3,4,11,0,34,7,9,33,35,12,20,21,15,0,31,30,35,36,35,20,23,24,21,0,30,29,37,35,35,29,26,28,32,0,38,39,40,41,34,18,19,14,0,42,3,2,34,14,15,21,0,2,36,35,34,21,24,25,0,35,37,43,34,25,18,14,0,43,42,2,34,14,21,25,0,2,35,43,35,22,17,18,25,0,28,32,42,43,35,33,27,30,31,0,44,45,46,47,35,11,10,9,8,0,33,27,26,34,35,13,12,15,14,0,1,31,36,2,35,19,18,17,16,0,3,42,32,0,35,25,24,23,22,0,43,37,29,28,35,27,26,29,30,0,45,39,38,46,35,27,33,28,26,0,45,44,40,39,35,33,31,32,28,0,44,47,41,40,35,32,31,30,29,0,41,47,46,38,34,6,0,1,0,20,6,5,34,1,3,8,0,5,7,34,34,8,9,6,0,34,26,20,34,1,8,6,0,5,34,20,35,41,40,34,36,0,48,22,19,18,35,44,43,40,41,0,49,23,22,48,34,46,54,57,0,50,51,52,34,57,56,51,0,52,53,54,34,51,50,47,0,54,55,56,34,47,46,57,0,56,50,52,34,57,51,47,0,52,54,56,35,39,36,35,37,0,57,18,17,25,34,41,36,39,0,48,18,57,34,39,38,45,0,57,58,59,34,45,44,41,0,59,49,48,34,39,45,41,0,57,59,48,35,38,37,42,45,0,58,25,24,59,35,55,54,46,49,0,15,51,50,16,35,58,57,54,55,0,14,52,51,15,35,62,60,63,66,0,60,61,62,63,35,48,47,50,53,0,10,56,55,11,35,52,51,56,59,0,12,54,53,13,35,64,61,67,65,0,64,65,66,67,35,43,44,45,42,0,23,49,59,24,34,38,39,37,0,58,57,25,35,49,46,47,48,0,16,50,56,10,35,51,52,53,50,0,54,12,11,55,35,57,58,59,56,0,52,14,13,53,35,64,63,60,61,0,64,62,61,65,35,60,62,67,61,0,61,60,66,65,35,66,65,67,62,0,63,67,66,60,35,66,63,64,65,0,63,62,64,67],
    "uvs":[],
    "normals":[0.350902,-0.537156,-0.766991,-0.241035,-0.588733,-0.771508,-0.350902,0.662191,-0.662069,0.241035,0.713767,-0.657552,-0.615497,0.533006,-0.580523,-0.248787,-0.691824,-0.677847,-0.68807,-0.690664,-0.22251,0.578875,-0.627705,-0.520402,0.248787,0.563585,-0.787683,0.651906,0.652242,-0.38667,0.350902,0.662191,-0.662069,-0.241035,0.713767,-0.657552,-0.659597,0.713645,-0.235786,-0.659597,0.661855,0.35612,-0.197211,0.565203,0.801019,0.620106,0.488693,0.613697,0.790948,0.578661,-0.198767,0.248787,-0.691824,-0.677847,0.615497,0.533006,-0.580523,0.68807,-0.690664,-0.22251,-0.530168,-0.602741,0.596301,-0.650472,0.565874,0.506577,0.530168,-0.602741,0.596301,-0.302042,-0.535173,0.788873,-0.792871,-0.52028,0.317179,-0.578875,-0.627705,-0.520402,0.302042,-0.535173,0.788873,0.197211,0.6957,0.690695,0.769463,-0.589068,0.246681,0.302042,-0.664022,0.68395,-0.514969,-0.686941,0.512711,-0.692404,-0.651662,-0.30961,0.769463,-0.537278,-0.345225,0.666005,0.717948,0.202246,0.792871,-0.52028,0.317179,-0.620106,0.488693,0.613697,-0.790948,0.578661,-0.198767,0.197211,0.565203,0.801019,-0.452498,-0.889492,-0.0633259,0.241951,-0.437849,-0.865841,0.991943,-0.115848,-0.0509049,0.305246,-0.582049,0.753655,0.659597,0.713645,-0.235786,0.659597,0.661855,0.35612,0.443739,0.894833,0.0482803,-0.302683,0.577349,-0.758293,-0.991333,0.126194,0.0359203,-0.237098,0.428694,0.871761,0.650472,0.565874,0.506577,-0.197211,0.6957,0.690695,0.692404,-0.651662,-0.30961,0.514969,-0.686941,0.512711,-0.302042,-0.664022,0.68395,-0.769463,-0.589068,0.246681,-0.769463,-0.537278,-0.345225,-0.350902,-0.537156,-0.766991,0.241035,-0.588733,-0.771508,-0.248787,0.563585,-0.787683,-0.651906,0.652242,-0.38667,-0.666005,0.717948,0.202246,-0.991943,-0.115848,-0.0509049,-0.241951,-0.437849,-0.865841,0.452498,-0.889492,-0.0633259,-0.305246,-0.582049,0.753655,0.991333,0.126194,0.0359203,0.302683,0.577349,-0.758293,-0.443739,0.894833,0.0482803,0.237098,0.428694,0.871761]
}