{
    "metadata":{
        "uvs":0,
        "type":"Geometry",
        "vertices":32,
        "normals":28,
        "materials":1,
        "version":3,
        "faces":28,
        "generator":"io_three"
    },
    "faces":[35,9,12,7,4,0,0,0,0,0,35,14,10,5,6,0,1,1,1,1,35,0,8,11,1,0,2,2,2,2,35,2,0,1,3,0,3,3,3,3,35,12,14,6,7,0,4,4,4,4,35,6,5,4,7,0,5,5,5,5,35,3,15,13,2,0,6,6,6,6,35,1,11,15,3,0,7,7,7,7,35,10,9,4,5,0,8,8,8,8,35,9,10,11,8,0,9,9,9,9,35,10,14,15,11,0,10,10,10,10,35,14,12,13,15,0,11,11,11,11,35,12,9,8,13,0,12,12,12,12,35,8,0,2,13,0,13,13,13,13,35,25,20,23,28,0,14,14,14,14,35,30,22,21,26,0,15,15,15,15,35,16,17,27,24,0,16,16,16,16,35,17,16,18,19,0,17,17,17,17,35,28,23,22,30,0,18,18,18,18,35,22,23,20,21,0,19,19,19,19,35,19,18,29,31,0,20,20,20,20,35,17,19,31,27,0,21,21,21,21,35,26,21,20,25,0,22,22,22,22,35,25,24,27,26,0,23,23,23,23,35,26,27,31,30,0,24,24,24,24,35,30,31,29,28,0,25,25,25,25,35,28,29,24,25,0,26,26,26,26,35,18,16,24,29,0,27,27,27,27],
    "uvs":[],
    "vertices":[3.6213,0.105672,0.163785,3.6213,0.026821,-0.194441,3.55671,0.105672,0.163785,3.55671,0.026821,-0.194441,3.61531,1.76555,-0.246424,3.61531,1.70553,-0.51911,3.5627,1.70553,-0.51911,3.5627,1.76555,-0.246424,3.64714,1.25165,0.041488,3.64623,1.54076,-0.028962,3.64623,1.41021,-0.622089,3.64714,1.11824,-0.564633,3.53179,1.54076,-0.028962,3.53088,1.25165,0.041488,3.53179,1.41021,-0.622089,3.53088,1.11824,-0.564633,3.6213,-0.033602,0.194441,3.6213,-0.112454,-0.163785,3.55671,-0.033602,0.194441,3.55671,-0.112454,-0.163785,3.61531,-1.71231,0.51911,3.61531,-1.77233,0.246424,3.5627,-1.77233,0.246424,3.5627,-1.71231,0.51911,3.64714,-1.12502,0.564633,3.64623,-1.41699,0.622089,3.64623,-1.54754,0.028962,3.64714,-1.25843,-0.041488,3.53179,-1.41699,0.622089,3.53088,-1.12502,0.564633,3.53179,-1.54754,0.028962,3.53088,-1.25843,-0.041488],
    "normals":[-0,-0.695304,-0.718716,0,-0.329259,0.944239,-0.999746,0.022018,-0.004847,0,0.97662,-0.21497,0.993329,-0.112621,0.02479,0,-0.97662,0.214971,0.999746,0.022018,-0.004847,0,0.321211,0.947008,-0.993329,-0.112621,0.02479,-0.999995,-0.002987,0.000658,0,0.193084,0.981182,0.999995,-0.002987,0.000657,-0,-0.236749,-0.971571,0,-0.106115,-0.994354,-0,0.329259,-0.94424,0,0.695303,0.718717,-0.999746,-0.022018,0.004847,0,-0.97662,0.21497,0.993329,0.11262,-0.02479,0,0.97662,-0.214971,0.999746,-0.022018,0.004847,0,0.106115,0.994354,-0.993329,0.11262,-0.02479,-0.999995,0.002987,-0.000658,0,0.23675,0.971571,0.999995,0.002987,-0.000657,-0,-0.193084,-0.981182,0,-0.321211,-0.947008],
    "materials":[{
        "opacity":1,
        "specularCoef":50,
        "doubleSided":false,
        "depthTest":true,
        "depthWrite":true,
        "transparent":false,
        "blending":"NormalBlending",
        "DbgName":"Material.004",
        "colorDiffuse":[0.64,0.159699,0.043963],
        "wireframe":false,
        "DbgIndex":0,
        "DbgColor":15658734,
        "visible":true,
        "colorEmissive":[0,0,0],
        "colorSpecular":[0.5,0.5,0.5],
        "shading":"phong"
    }]
}