{
    "metadata":{
        "type":"BufferGeometry",
        "generator":"io_three",
        "position":36,
        "normal":36,
        "version":3
    },
    "data":{
        "attributes":{
            "position":{
                "array":[3.30949,0.479146,-0.875125,-3.30949,0.479146,0.875125,-3.30949,0.479146,-0.875126,-3.30949,0.720854,-0.875126,3.30948,0.720854,0.875126,3.30949,0.720854,-0.875125,3.30949,0.720854,-0.875125,3.30949,0.479146,0.875126,3.30949,0.479146,-0.875125,3.30948,0.720854,0.875126,-3.30949,0.479146,0.875125,3.30949,0.479146,0.875126,-3.30949,0.479146,0.875125,-3.30949,0.720854,-0.875126,-3.30949,0.479146,-0.875126,3.30949,0.479146,-0.875125,-3.30949,0.720854,-0.875126,3.30949,0.720854,-0.875125,3.30949,0.479146,-0.875125,3.30949,0.479146,0.875126,-3.30949,0.479146,0.875125,-3.30949,0.720854,-0.875126,-3.30949,0.720854,0.875125,3.30948,0.720854,0.875126,3.30949,0.720854,-0.875125,3.30948,0.720854,0.875126,3.30949,0.479146,0.875126,3.30948,0.720854,0.875126,-3.30949,0.720854,0.875125,-3.30949,0.479146,0.875125,-3.30949,0.479146,0.875125,-3.30949,0.720854,0.875125,-3.30949,0.720854,-0.875126,3.30949,0.479146,-0.875125,-3.30949,0.479146,-0.875126,-3.30949,0.720854,-0.875126],
                "type":"Float32Array",
                "itemSize":3
            },
            "normal":{
                "array":[-1.84001e-15,-1,3.40549e-08,-1.84001e-15,-1,3.40549e-08,-1.84001e-15,-1,3.40549e-08,2.45335e-15,1,-3.40549e-08,2.45335e-15,1,-3.40549e-08,2.45335e-15,1,-3.40549e-08,1,-6.90476e-06,2.35141e-13,1,-6.90476e-06,2.35141e-13,1,-6.90476e-06,2.35141e-13,-2.70154e-08,-2.21939e-06,1,-2.70154e-08,-2.21939e-06,1,-2.70154e-08,-2.21939e-06,1,-1,-3.94557e-06,-9.53537e-07,-1,-3.94557e-06,-9.53537e-07,-1,-3.94557e-06,-9.53537e-07,7.20409e-08,1.72619e-06,-1,7.20409e-08,1.72619e-06,-1,7.20409e-08,1.72619e-06,-1,-9.20006e-16,-1,3.40549e-08,-9.20006e-16,-1,3.40549e-08,-9.20006e-16,-1,3.40549e-08,4.29336e-15,1,-3.40549e-08,4.29336e-15,1,-3.40549e-08,4.29336e-15,1,-3.40549e-08,1,8.87754e-06,2.17951e-06,1,8.87754e-06,2.17951e-06,1,8.87754e-06,2.17951e-06,-1.26072e-07,4.93197e-07,1,-1.26072e-07,4.93197e-07,1,-1.26072e-07,4.93197e-07,1,-1,-2.95918e-06,-8.17318e-07,-1,-2.95918e-06,-8.17318e-07,-1,-2.95918e-06,-8.17318e-07,5.40307e-08,1.23299e-06,-1,5.40307e-08,1.23299e-06,-1,5.40307e-08,1.23299e-06,-1],
                "type":"Float32Array",
                "itemSize":3
            }
        },
        "index":{
            "array":[0,1,2,3,4,5,6,7,8,9,10,11,12,13,14,15,16,17,18,19,20,21,22,23,24,25,26,27,28,29,30,31,32,33,34,35],
            "type":"Uint16Array",
            "itemSize":1
        }
    }
}