{
    "metadata":{
        "uvs":0,
        "type":"Geometry",
        "vertices":60,
        "normals":42,
        "materials":0,
        "version":3,
        "faces":56,
        "generator":"io_three"
    },
    "faces":[35,1,3,19,18,0,0,0,0,0,35,2,3,7,6,0,1,1,1,1,35,5,4,10,11,0,2,2,2,2,35,14,15,26,27,0,3,3,3,3,35,4,0,2,6,0,4,4,4,4,35,7,3,1,5,0,5,5,5,5,35,1,18,29,21,0,6,6,6,6,35,4,6,9,10,0,2,2,2,2,35,7,5,11,8,0,2,2,2,2,35,6,7,8,9,0,2,2,2,2,35,13,12,15,14,0,7,7,7,7,35,10,9,13,14,0,8,8,8,8,35,8,11,15,12,0,9,9,9,9,35,9,8,12,13,0,10,10,10,10,35,17,18,19,16,0,11,11,11,11,35,2,0,17,16,0,12,12,12,12,35,3,2,16,19,0,13,13,13,13,35,4,5,22,23,0,14,14,14,14,35,23,22,21,20,0,15,15,15,15,35,24,25,27,26,0,16,16,16,16,35,20,21,29,28,0,17,17,17,17,35,0,4,23,20,0,18,18,18,18,35,17,0,20,28,0,19,19,19,19,35,10,14,27,25,0,20,20,20,20,35,5,1,21,22,0,21,21,21,21,35,15,11,24,26,0,22,22,22,22,35,11,10,25,24,0,23,23,23,23,35,18,17,28,29,0,24,24,24,24,35,31,48,49,33,0,0,0,0,0,35,32,36,37,33,0,25,25,25,25,35,35,41,40,34,0,2,2,2,2,35,44,57,56,45,0,26,26,26,26,35,32,30,34,36,0,4,4,4,4,35,37,35,31,33,0,5,5,5,5,35,31,51,59,48,0,27,27,27,27,35,34,40,39,36,0,2,2,2,2,35,37,38,41,35,0,2,2,2,2,35,36,39,38,37,0,2,2,2,2,35,43,44,45,42,0,7,7,7,7,35,40,44,43,39,0,8,8,8,8,35,38,42,45,41,0,9,9,9,9,35,39,43,42,38,0,28,28,28,28,35,47,46,49,48,0,29,29,29,29,35,32,46,47,30,0,12,12,12,12,35,33,49,46,32,0,30,30,30,30,35,34,53,52,35,0,31,31,31,31,35,53,50,51,52,0,32,32,32,32,35,54,56,57,55,0,33,33,33,33,35,50,58,59,51,0,34,34,34,34,35,30,50,53,34,0,35,35,35,35,35,47,58,50,30,0,36,36,36,36,35,40,55,57,44,0,37,37,37,37,35,35,52,51,31,0,38,38,38,38,35,45,56,54,41,0,39,39,39,39,35,41,54,55,40,0,40,40,40,40,35,48,59,58,47,0,41,41,41,41],
    "uvs":[],
    "vertices":[-0.529632,2.42353,5.13495,-0.529632,2.70052,5.13495,-0.529632,2.42353,-5.13495,-0.529632,2.70052,-5.13495,2.79761,2.31412,5.00288,2.79761,2.80993,5.00288,2.79761,2.31412,-5.00288,2.79761,2.80993,-5.00288,2.79761,2.80993,-5.00288,2.79761,2.31412,-5.00288,2.79761,2.31412,5.00288,2.79761,2.80993,5.00288,3.13945,2.68668,-5.00288,3.13945,2.43737,-5.00288,3.13945,2.43737,5.00288,3.13945,2.68668,5.00288,-0.945697,2.50263,-5.13495,-0.945697,2.50263,5.13495,-0.945697,2.62142,5.13495,-0.945697,2.62142,-5.13495,-0.27368,2.44521,5.34601,-0.27368,2.67884,5.34601,2.6231,2.77113,5.20852,2.6231,2.35292,5.20852,2.6231,2.77113,5.20852,2.6231,2.35292,5.20852,2.91144,2.66717,5.20852,2.91144,2.45688,5.20852,-0.624619,2.51192,5.34601,-0.624619,2.61213,5.34601,-0.529632,2.42353,-5.13495,-0.529632,2.70052,-5.13495,-0.529632,2.42353,5.13495,-0.529632,2.70052,5.13495,2.79761,2.31412,-5.00288,2.79761,2.80993,-5.00288,2.79761,2.31412,5.00288,2.79761,2.80993,5.00288,2.79761,2.80993,5.00288,2.79761,2.31412,5.00288,2.79761,2.31412,-5.00288,2.79761,2.80993,-5.00288,3.13945,2.68668,5.00288,3.13945,2.43737,5.00288,3.13945,2.43737,-5.00288,3.13945,2.68668,-5.00288,-0.945697,2.50263,5.13495,-0.945697,2.50263,-5.13495,-0.945697,2.62142,-5.13495,-0.945697,2.62142,5.13495,-0.27368,2.44521,-5.34601,-0.27368,2.67884,-5.34601,2.6231,2.77113,-5.20852,2.6231,2.35292,-5.20852,2.6231,2.77113,-5.20852,2.6231,2.35292,-5.20852,2.91144,2.66717,-5.20852,2.91144,2.45688,-5.20852,-0.624619,2.51192,-5.34601,-0.624619,2.61213,-5.34601],
    "normals":[-0.186753,0.982407,-0,0.039661,0,-0.999213,0,0,0,0.669724,0,0.74261,-0.032867,-0.99946,0,-0.032867,0.99946,-0,-0.177485,0.933649,0.311124,1,0,0,0.339173,-0.940724,0,0.339173,0.940724,-0,1e-06,0,-1,-1,0,0,-0.186753,-0.982407,0,-1e-06,0,-1,0.762458,0,0.647038,0.04741,0,0.998875,2e-06,0,1,-1e-06,0,1,-0.025606,-0.988582,0.148493,-0.177485,-0.933649,0.311125,0.307508,-0.852899,0.421903,-0.025606,0.988582,0.148493,0.307508,0.852899,0.421903,-0.762458,0,-0.647038,-0.549305,0,0.835622,0.039661,0,0.999213,0.669724,0,-0.74261,-0.177485,0.933649,-0.311125,1e-06,0,1,-1,-0,0,-1e-06,0,1,0.762458,0,-0.647038,0.04741,0,-0.998875,2e-06,0,-1,-1e-06,0,-1,-0.025606,-0.988582,-0.148493,-0.177485,-0.933649,-0.311124,0.307508,-0.852899,-0.421903,-0.025606,0.988582,-0.148493,0.307508,0.852899,-0.421903,-0.762458,0,0.647038,-0.549305,0,-0.835622],
    "materials":[]
}