{
    "vertices":[3.6213,0.0679134,0.183401,3.6213,0.0679134,-0.183401,3.55671,0.0679134,0.183401,3.55671,0.0679134,-0.183401,3.61531,1.77717,0.139607,3.61531,1.77717,-0.139607,3.5627,1.77717,-0.139607,3.5627,1.77717,0.139607,3.64714,1.21339,0.310315,3.64623,1.51089,0.303663,3.64623,1.51089,-0.303663,3.64714,1.21339,-0.310315,3.53179,1.51089,0.303663,3.53088,1.21339,0.310315,3.53179,1.51089,-0.303663,3.53088,1.21339,-0.310315,3.6213,-0.0746948,0.183401,3.6213,-0.0746949,-0.183401,3.55671,-0.0746948,0.183401,3.55671,-0.0746949,-0.183401,3.61531,-1.78395,0.139607,3.61531,-1.78395,-0.139607,3.5627,-1.78395,-0.139607,3.5627,-1.78395,0.139607,3.64714,-1.22017,0.310315,3.64623,-1.51767,0.303663,3.64623,-1.51767,-0.303663,3.64714,-1.22017,-0.310315,3.53179,-1.51767,0.303663,3.53088,-1.22017,0.310315,3.53179,-1.51767,-0.303663,3.53088,-1.22017,-0.310315],
    "normals":[-1.42608e-07,-0.524545,-0.851383,1.42608e-07,-0.524545,0.851383,-0.999746,0.0225455,0,0,1,-4.06246e-08,0.993329,-0.115317,0,0,-1,-0,0.999746,0.0225455,0,0,0.110122,0.993918,-0.993329,-0.115317,0,-0.999995,-0.003059,0,1.28885e-07,-0.0223555,0.99975,0.999995,-0.0030582,0,-1.28885e-07,-0.0223555,-0.99975,0,0.110122,-0.993918,-1.42608e-07,0.524545,-0.851383,1.42608e-07,0.524545,0.851383,-0.999746,-0.0225455,0,0,-1,4.06246e-08,0.993329,0.115317,0,0,1,0,0.999746,-0.0225455,0,0,-0.110122,0.993918,-0.993329,0.115317,0,-0.999995,0.00305899,0,1.28885e-07,0.0223555,0.99975,0.999995,0.00305819,0,-1.28885e-07,0.0223555,-0.99975,0,-0.110122,-0.993918],
    "uvs":[],
    "materials":[],
    "metadata":{
        "vertices":32,
        "materials":0,
        "type":"Geometry",
        "uvs":0,
        "normals":28,
        "generator":"io_three",
        "faces":28,
        "version":3
    },
    "faces":[35,9,12,7,4,0,0,0,0,0,35,14,10,5,6,0,1,1,1,1,35,0,8,11,1,0,2,2,2,2,35,2,0,1,3,0,3,3,3,3,35,12,14,6,7,0,4,4,4,4,35,6,5,4,7,0,5,5,5,5,35,3,15,13,2,0,6,6,6,6,35,1,11,15,3,0,7,7,7,7,35,10,9,4,5,0,8,8,8,8,35,9,10,11,8,0,9,9,9,9,35,10,14,15,11,0,10,10,10,10,35,14,12,13,15,0,11,11,11,11,35,12,9,8,13,0,12,12,12,12,35,8,0,2,13,0,13,13,13,13,35,25,20,23,28,0,14,14,14,14,35,30,22,21,26,0,15,15,15,15,35,16,17,27,24,0,16,16,16,16,35,17,16,18,19,0,17,17,17,17,35,28,23,22,30,0,18,18,18,18,35,22,23,20,21,0,19,19,19,19,35,19,18,29,31,0,20,20,20,20,35,17,19,31,27,0,21,21,21,21,35,26,21,20,25,0,22,22,22,22,35,25,24,27,26,0,23,23,23,23,35,26,27,31,30,0,24,24,24,24,35,30,31,29,28,0,25,25,25,25,35,28,29,24,25,0,26,26,26,26,35,18,16,24,29,0,27,27,27,27]
}